{"cameraMode":{"drawMode":0,"name":"Shaded","section":"Shading Mode"},"sceneLighting":true,"audioPlay":false,"sceneViewState":{"m_AlwaysRefresh":false,"showFog":true,"showSkybox":true,"showFlares":true,"showImageEffects":true,"showParticleSystems":true,"showVisualEffectGraphs":true,"m_FxEnabled":true},"in2DMode":false,"pivot":{"x":3.199638843536377,"y":6.193880081176758,"z":0.19614219665527345},"rotation":{"x":0.010007733479142189,"y":0.9606159329414368,"z":-0.03489501774311066,"w":0.27550196647644045},"size":11.164653778076172,"orthographic":false}